Address;Extract Main Content 1
https://www.beispiel-tierbedarf.de/hundefutter/getreidefreies-hundefutter;Getreidefreies Hundefutter verzichtet vollständig auf Weizen, Roggen, Gerste, Hafer, Mais und Dinkel. Stattdessen liefern Kartoffeln, Süßkartoffeln, Erbsen oder Linsen die Kohlenhydrate. Der Fleischanteil ist bei den meisten getreidefreien Sorten hoch, oft liegt er zwischen 50 und 70 Prozent. Das macht das Futter für viele Hunde gut verträglich, weil Fleisch ihre natürliche Hauptnahrung ist. Für wen lohnt sich getreidefreies Hundefutter? Vor allem für Hunde, die auf Getreide mit Juckreiz, Ohrenentzündungen, weichem Kot oder Blähungen reagieren. Wichtig ist die Reihenfolge: Erst die tierärztliche Abklärung, dann der Futterwechsel. Eine echte Getreideallergie ist seltener, als viele Halter vermuten. Häufiger steckt eine Unverträglichkeit gegen ein bestimmtes Eiweiß dahinter, zum Beispiel gegen Rind oder Huhn. Dann hilft ein Futter mit einer einzelnen, bisher unbekannten Fleischsorte oft mehr als der Verzicht auf Getreide allein. Worauf Sie beim Kauf achten sollten: Lesen Sie die Zutatenliste von oben nach unten. Die erste Zutat macht den größten Anteil aus, sie sollte ein klar benanntes Fleisch sein. Begriffe wie tierische Nebenerzeugnisse ohne nähere Angabe sind ein Warnsignal. Prüfen Sie außerdem, ob der Hersteller die Analysewerte offenlegt, also Rohprotein, Rohfett, Rohasche und Rohfaser. Bei Hunden mit Neigung zu Übergewicht sollten Sie auf den Fettgehalt achten, denn getreidefrei bedeutet nicht automatisch kalorienarm. So stellen Sie auf getreidefreies Hundefutter um: Mischen Sie in den ersten Tagen etwa ein Viertel des neuen Futters unter das gewohnte. Steigern Sie den Anteil alle zwei bis drei Tage, bis nach rund zehn Tagen nur noch das neue Futter im Napf liegt. Bleibt der Kot fest und das Fell glänzend, haben Sie vermutlich das passende Futter gefunden. Gönnen Sie dem Hund Zeit, denn die Haut braucht oft mehrere Wochen, bis sich ein Erfolg zeigt. Trockenfutter und Nassfutter gibt es in getreidefreier Variante für Welpen, erwachsene Hunde und Senioren. Welpen brauchen mehr Energie und Kalzium, Senioren profitieren von leichter verdaulichen Rezepturen mit Gelenkunterstützung. In unserem Sortiment finden Sie getreidefreie Sorten mit Lamm, Pferd, Ente, Wild und Fisch, damit auch Hunde mit Futtermittelunverträglichkeit eine Auswahl haben. Leckerlis ohne Getreide runden das Angebot ab, damit die Ernährung auch zwischen den Mahlzeiten konsequent bleibt.
https://www.beispiel-tierbedarf.de/katzenfutter/nassfutter-katze;Nassfutter ist für Katzen aus gutem Grund die beliebteste Fütterungsform. Katzen stammen von Wüstentieren ab und trinken von Natur aus wenig. Über die Nahrung nehmen sie deshalb einen großen Teil ihrer Flüssigkeit auf. Ein gutes Nassfutter besteht zu etwa 75 bis 80 Prozent aus Wasser und entlastet damit Nieren und Harnwege, vor allem bei Wohnungskatzen und älteren Tieren. Woran erkennen Sie gutes Katzen-Nassfutter? Der Fleischanteil sollte hoch sein und auf der Packung klar ausgewiesen werden, am besten mit Angabe der Tierart und der Organe. Zucker, Farbstoffe und künstliche Aromen haben im Napf nichts zu suchen. Getreide und Soja sind für Katzen überflüssig. Achten Sie außerdem auf Taurin, eine Aminosäure, die Katzen nicht selbst herstellen können und die für Herz und Augen unverzichtbar ist. Es gibt Nassfutter als Pastete, in Gelee, in Soße und als Stückchen. Welche Form Ihre Katze bevorzugt, ist reine Geschmackssache. Wählerische Tiere mögen oft die feine Pastete, während Katzen mit gutem Appetit auch Stücke in Soße fressen. Probieren Sie kleine Schalen verschiedener Sorten aus, bevor Sie einen großen Vorrat kaufen. Wie viel Nassfutter braucht eine Katze? Eine erwachsene Katze mit vier Kilogramm Körpergewicht benötigt je nach Aktivität etwa 250 bis 300 Gramm Nassfutter am Tag, aufgeteilt auf drei bis vier Mahlzeiten. Die Angaben auf der Packung sind ein Richtwert. Wiegen Sie Ihre Katze alle paar Wochen und passen Sie die Menge an, wenn sie zu- oder abnimmt. Kastrierte Tiere brauchen oft zehn bis 20 Prozent weniger Energie. Offene Dosen und Schalen halten sich im Kühlschrank etwa zwei Tage. Nehmen Sie das Futter vor dem Füttern eine halbe Stunde heraus, denn Katzen mögen es zimmerwarm, ähnlich wie frisch erlegte Beute. Reste im Napf sollten Sie nach etwa einer Stunde entsorgen. Wer Nassfutter und Trockenfutter kombiniert, sollte den Trockenanteil klein halten und immer frisches Wasser bereitstellen. Für Katzen mit Nierenproblemen, Harnsteinen oder Verdauungsempfindlichkeit führen wir spezielle Diätsorten.
https://www.beispiel-tierbedarf.de/katzenzubehoer/kratzbaum;Ein Kratzbaum ist für Katzen weit mehr als ein Möbelstück. Katzen müssen kratzen, um ihre Krallen zu pflegen, die Muskeln zu dehnen und ihr Revier mit Duftdrüsen an den Pfoten zu markieren. Gibt es keinen passenden Kratzplatz, übernehmen Sofa und Tapete diese Aufgabe. Ein gut gewählter Kratzbaum schützt also auch Ihre Wohnung. Worauf kommt es bei der Wahl an? Die wichtigste Eigenschaft ist die Standfestigkeit. Wackelt der Baum, wenn die Katze abspringt, meidet sie ihn schnell. Achten Sie auf eine breite, schwere Grundplatte und auf Stämme mit einem Durchmesser von mindestens zehn Zentimetern. Für große Rassen wie Maine Coon oder Norwegische Waldkatze sollten es zwölf Zentimeter und mehr sein. Die Stämme sind idealerweise mit Sisalseil umwickelt, das die Krallen angenehm greift und lange hält. Die Höhe ist Geschmackssache und hängt vom Raum ab. Katzen lieben erhöhte Liegeplätze, weil sie von oben die Umgebung überblicken können. Ein Baum, der bis zur Decke reicht, nutzt den Platz am besten aus und bietet Kletterstrecken für mehrere Tiere. In kleinen Wohnungen genügt oft ein Modell mit zwei Etagen und einer Höhle. Mehrere Katzen brauchen mehrere Liegeflächen, damit sich jede zurückziehen kann. Wo sollte der Kratzbaum stehen? Stellen Sie ihn dorthin, wo sich Ihre Katze ohnehin aufhält, also in die Nähe des Fensters oder des Wohnzimmers. Ein Platz im abgelegenen Flur wird kaum angenommen. Reiben Sie die Stämme anfangs mit Katzenminze ein oder befestigen Sie ein Spielzeug an einer Plattform, um die Neugier zu wecken. Loben Sie Ihre Katze, wenn sie ihn nutzt, und schimpfen Sie nie, wenn sie stattdessen am Sofa kratzt. Führen Sie sie ruhig zum Kratzbaum zurück. Pflege und Austausch: Saugen Sie die Liegeflächen regelmäßig ab und waschen Sie abnehmbare Bezüge. Ist das Sisal ausgefranst, lässt es sich meist als Ersatzteil nachkaufen. Bei uns finden Sie Kratzbäume in verschiedenen Größen, Deckenspanner und Wandkratzbretter für kleine Wohnungen.
https://www.beispiel-tierbedarf.de/hundezubehoer/hundeleine;Die richtige Hundeleine macht den Spaziergang für Mensch und Hund angenehmer. Sie ist nicht nur Sicherung im Straßenverkehr, sondern auch ein Kommunikationsmittel: Über die Leine spürt der Hund, wohin Sie gehen wollen, und Sie spüren, wenn er etwas wittert. Die gängigste Form ist die Führleine aus Nylon oder Leder. Sie ist meist zwischen 1,5 und drei Metern lang und lässt sich oft in mehreren Längen verstellen. Der verstellbare Typ mit zwei Karabinern eignet sich für den Alltag, weil Sie ihn kurz fassen können, wenn es eng wird, und länger lassen, wenn der Hund schnuppern darf. Leder liegt gut in der Hand und wird mit der Zeit weich, Nylon ist leicht, wetterfest und lässt sich waschen. Die Flexileine mit Rollmechanismus gibt dem Hund auf freien Wiesen mehr Spielraum. Auf Gehwegen und in der Stadt ist sie weniger geeignet, weil sich die Länge nicht schnell genug verkürzen lässt. Außerdem lernen Hunde an der Rollleine leicht, ständig zu ziehen. Für Hunde mit Jagdtrieb oder für das Training des Rückrufs ist die Schleppleine mit fünf bis zehn Metern Länge die bessere Wahl. Beim Kauf zählt die Belastbarkeit. Ein kräftiger Schäferhund braucht eine andere Leine als ein Chihuahua. Die Breite des Bands sollte zur Größe des Hundes passen, und der Karabiner muss sicher schließen. Eine gepolsterte Handschlaufe schont die Hand, reflektierende Streifen sorgen in der Dämmerung für Sicherheit. Die Leine wird am Geschirr oder am Halsband befestigt. Für Hunde, die stark ziehen, empfehlen wir ein gut sitzendes Geschirr, denn es schont den Kehlkopf und die Halswirbelsäule. Prüfen Sie Nähte und Karabiner regelmäßig auf Verschleiß und tauschen Sie die Leine aus, sobald das Material ausfranst.
https://www.beispiel-tierbedarf.de/aquaristik/aquarium-einrichten;Ein Aquarium einzurichten braucht Geduld, aber keine Zauberei. Wer die Schritte in der richtigen Reihenfolge geht, schafft ein stabiles Zuhause für Fische und Pflanzen und erspart sich viele Probleme in den ersten Wochen. Dieser Ratgeber führt Sie von der Planung bis zum Einsetzen der ersten Fische. Schritt eins ist die Wahl von Größe und Standort. Für Einsteiger eignet sich ein Becken ab 60 Litern, besser sind 100 bis 200 Liter, weil größere Wasservolumen Schwankungen bei Temperatur und Wasserwerten besser abfedern. Das Aquarium muss auf einem stabilen Unterschrank stehen, der das Gewicht trägt. Ein Liter Wasser wiegt ein Kilogramm, ein 200-Liter-Becken mit Einrichtung kommt schnell auf 300 Kilogramm. Stellen Sie das Becken nicht in direktes Sonnenlicht und nicht neben die Heizung, sonst wuchern Algen und die Temperatur schwankt. Schritt zwei ist die Technik. Sie brauchen einen Filter, einen Heizstab mit Thermostat, eine Beleuchtung und gegebenenfalls einen Luftsprudler. Der Filter sollte das Beckenvolumen etwa das Drei- bis Fünffache pro Stunde umwälzen. Für Pflanzenbecken ist LED-Beleuchtung mit einstellbarer Lichtfarbe sinnvoll. Eine Zeitschaltuhr sorgt für gleichmäßige zehn bis zwölf Stunden Licht am Tag. Schritt drei ist der Bodengrund. Feiner Kies oder Sand bildet die Grundlage, bei Pflanzenbecken legen Sie eine Nährschicht darunter. Waschen Sie den Bodengrund gründlich, bis das Wasser klar abläuft. Anschließend gestalten Sie die Landschaft mit Steinen und Wurzeln. Achten Sie darauf, dass Dekoration aus dem Fachhandel stammt und das Wasser nicht verändert. Wurzeln aus dem Wald sollten Sie meiden. Schritt vier ist das Befüllen und Bepflanzen. Füllen Sie das Wasser vorsichtig auf einen Teller oder eine Folie, damit der Boden nicht aufgewirbelt wird. Setzen Sie zuerst die Pflanzen, kleine im Vordergrund, hohe im Hintergrund. Schnell wachsende Arten wie Hornkraut, Wasserpest oder Wasserkelch nehmen früh Nährstoffe auf und halten Algen klein. Wasseraufbereiter bindet Chlor und Schwermetalle aus dem Leitungswasser. Schritt fünf ist die Einlaufphase und wird oft unterschätzt. Lassen Sie die Technik mindestens zwei bis vier Wochen ohne Fische laufen. In dieser Zeit bauen sich im Filter Bakterien auf, die das giftige Ammonium und Nitrit abbauen. Messen Sie regelmäßig Nitrit, Nitrat, pH-Wert und Gesamthärte mit Tropftests. Erst wenn Nitrit nicht mehr nachweisbar ist, ziehen die ersten Fische ein. Beginnen Sie mit wenigen, robusten Arten und erweitern Sie den Besatz langsam. Setzen Sie die Fische erst nach einem Temperaturausgleich im Transportbeutel ein und füttern Sie in den ersten Tagen sparsam. Ein wöchentlicher Teilwasserwechsel von etwa 20 bis 30 Prozent hält die Wasserwerte stabil.
https://www.beispiel-tierbedarf.de/vogelbedarf/vogelfutter;Vogelfutter gibt es für Wildvögel im Garten und für Ziervögel in der Voliere oder im Käfig. Die Mischungen unterscheiden sich deutlich, denn Meisen und Spatzen haben andere Vorlieben als Wellensittiche oder Kanarienvögel. Für Gartenvögel eignen sich Sonnenblumenkerne, Haferflocken, Hanfsamen und Fettfutter. Körnerfresser wie Finken und Sperlinge bedienen sich an Streufutter in einem Futterhaus. Meisen und Kleiber mögen Meisenknödel und Fettblöcke, die Sie an einem Ast aufhängen. Weichfutterfresser wie Rotkehlchen und Amseln suchen am Boden nach Insekten, Rosinen und Haferflocken. Füttern Sie Wildvögel hauptsächlich im Winter, von November bis Februar, und halten Sie das Futterhaus sauber, damit sich keine Krankheiten ausbreiten. Wellensittiche brauchen eine Mischung aus Hirse, Glanzsaat und Hafer. Ergänzen Sie diese täglich mit Frischfutter wie Kolben, Paprika, Gurke und Kräutern. Kanarienvögel bekommen Rübsen, Hirse und Leinsamen. Für Papageien gibt es größere Mischungen mit Nüssen und getrockneten Früchten. Achten Sie darauf, dass das Futter frisch riecht und keine Motten oder Schimmel enthält. Frisches Wasser gehört in jede Voliere, am besten täglich gewechselt. Grit und Kalk unterstützen die Verdauung und die Schnabelpflege.
https://www.beispiel-tierbedarf.de/ratgeber/welpenerziehung;Die ersten Wochen mit einem Welpen prägen sein ganzes Hundeleben. Welpenerziehung beginnt am ersten Tag, aber sie braucht keine Strenge, sondern Konsequenz, Ruhe und viel Lob. Ein Welpe will lernen und sich an Ihnen orientieren. Ihre Aufgabe ist es, ihm zu zeigen, welches Verhalten sich lohnt. Beginnen Sie mit der Stubenreinheit. Bringen Sie den Welpen nach jedem Schlafen, Spielen und Fressen sofort nach draußen, in den ersten Wochen auch nachts. Gehen Sie immer zur selben Stelle und loben Sie ihn ausgiebig, sobald er sich löst. Passiert ein Malheur in der Wohnung, reinigen Sie es ohne Schimpfen. Ein Welpe kann sein Geschäft erst mit etwa vier bis fünf Monaten zuverlässig kontrollieren, bis dahin sind Pausen alle zwei Stunden normal. Die Grundkommandos Sitz, Platz, Komm und Bleib lernt der Welpe am besten spielerisch. Üben Sie mehrmals täglich in kurzen Einheiten von drei bis fünf Minuten, am besten mit Leckerlis oder einem Lieblingsspielzeug als Belohnung. Das Kommando sprechen Sie einmal klar aus und wiederholen es nicht ständig. Kommt der Welpe auf Ihren Ruf, belohnen Sie ihn immer, auch wenn er zuvor etwas anderes getan hat. Sozialisierung ist in der Prägephase bis zur zwölften Woche besonders wichtig. Lassen Sie Ihren Welpen vorsichtig viele neue Eindrücke kennenlernen: andere Hunde, Kinder, Autos, Staubsauger, Bahnhöfe und Menschen mit Hut. Überfordern Sie ihn aber nicht. Eine Welpengruppe oder Hundeschule bietet geschützte Begegnungen mit Gleichaltrigen und gibt Ihnen Sicherheit im Umgang. Wählen Sie eine Schule, die mit positiver Verstärkung arbeitet. Das Alleinbleiben muss ebenfalls geübt werden. Beginnen Sie mit wenigen Sekunden und verlassen Sie den Raum, ohne ein großes Theater zu machen. Verlängern Sie die Zeit langsam. Ein Platz mit Decke und Kauspielzeug hilft dem Welpen, sich zu entspannen. Typische Fehler sind Überforderung, widersprüchliche Regeln in der Familie und zu lange Spaziergänge. Ein Welpe braucht viel Schlaf, bis zu 20 Stunden am Tag. Als Faustregel gelten fünf Minuten Spaziergang pro Lebensmonat und Mal. Auch Beißen und Zwicken gehören zum Lernen. Unterbrechen Sie das Spiel ruhig, wenn die Zähne zu fest zupacken, und bieten Sie ein Kauspielzeug an. Mit Geduld und klaren Regeln wird aus dem Welpen ein verlässlicher Begleiter.
https://www.beispiel-tierbedarf.de/katzenzubehoer/katzenklo;Ein Katzenklo gehört an einen ruhigen Platz, den die Katze gern aufsucht. Katzen sind reinlich und reagieren empfindlich, wenn die Toilette nicht ihren Vorstellungen entspricht. Viele Fälle von Unsauberkeit lassen sich auf ein falsches Klo, falsches Streu oder einen ungünstigen Standort zurückführen. Bei der Größe gilt: Das Klo sollte mindestens eineinhalbmal so lang sein wie die Katze ohne Schwanz. Viele handelsübliche Modelle sind zu klein. Große Katzen mögen offene Wannen oder Modelle mit hohem Rand. Haubentoiletten bieten Sichtschutz und halten Gerüche zurück, aber manche Katzen empfinden die Enge als unangenehm. Probieren Sie notfalls beide Varianten aus. Beim Katzenstreu haben Sie die Wahl zwischen klumpendem Streu aus Bentonit, Pflanzenstreu aus Holz, Mais oder Papier und Silikatstreu. Klumpendes Streu ist praktisch, weil sich Urin und Kot leicht entfernen lassen. Staubarme Sorten schonen die Atemwege von Katze und Mensch. Wechseln Sie die Sorte nicht abrupt, sondern mischen Sie die neue langsam unter. Die Regel für die Anzahl lautet: ein Klo pro Katze plus eines zusätzlich. Bei zwei Katzen sollten also drei Toiletten bereitstehen, verteilt auf verschiedene Räume. Stellen Sie sie nicht neben den Futternapf und nicht an einen lauten Ort wie die Waschmaschine. Reinigen Sie Kot und Klumpen täglich. Einmal pro Woche wechseln Sie das gesamte Streu und waschen die Wanne mit warmem Wasser und milder Seife. Verzichten Sie auf stark riechende Reiniger, sie schrecken Katzen ab. Zeigt Ihre Katze plötzlich Unsauberkeit, ist ein Besuch beim Tierarzt sinnvoll, denn Blasenentzündungen sind eine häufige Ursache.
https://www.beispiel-tierbedarf.de/ratgeber/hundefutter-arten;Das Angebot an Hundefutter ist groß und unübersichtlich. Dieser Ratgeber erklärt die wichtigsten Futterarten und hilft Ihnen, die passende für Ihren Hund zu finden. Entscheidend sind Alter, Größe, Aktivität und Gesundheit des Hundes, aber auch Ihr Alltag und Ihr Budget. Trockenfutter ist praktisch, lange haltbar und im Verhältnis zum Nährwert günstig. Es enthält wenig Wasser und ist deshalb energiereich, sodass kleine Mengen genügen. Hunde, die wenig trinken, sollten zum Trockenfutter ausreichend frisches Wasser bekommen. Nassfutter aus der Dose oder Schale hat einen Wasseranteil von etwa 75 Prozent, schmeckt vielen Hunden besser und eignet sich für wählerische oder ältere Tiere mit schlechten Zähnen. Es ist allerdings teurer und nach dem Öffnen nur kurz haltbar. Halbfeuchtes Futter und Softfutter liegen dazwischen. Es ist weich und schmackhaft, enthält aber oft Zusatzstoffe, die es haltbar machen. Barf, die Rohfütterung mit rohem Fleisch, Knochen, Innereien und Gemüse, setzt viel Wissen über die Bedarfsberechnung voraus, sonst drohen Mangelerscheinungen. Auch selbst gekochtes Futter braucht einen Ernährungsplan, den im Zweifel ein Tierernährungsberater erstellt. Ein Abschnitt für sich ist getreidefreies Hundefutter. Es kommt ohne Weizen, Mais und andere Getreide aus und setzt stattdessen auf Kartoffeln oder Hülsenfrüchte. Es eignet sich für Hunde mit Unverträglichkeiten, ist aber nicht grundsätzlich gesünder als Futter mit Getreide. Sprechen Sie vor dem Wechsel mit Ihrem Tierarzt. Nach Lebensphase unterscheidet man Welpenfutter, Futter für erwachsene Hunde und Seniorenfutter. Welpen brauchen mehr Eiweiß, Fett und Kalzium für das Wachstum, Senioren weniger Kalorien und Unterstützung für die Gelenke. Auch die Rassegröße spielt eine Rolle: Große Rassen vertragen ein Futter mit angepasstem Kalziumgehalt besser, kleine Rassen brauchen kleine Kroketten und mehr Energie pro Kilogramm. Prüfen Sie bei jedem Futter die Zutatenliste und die Analysewerte. Fleisch sollte an erster Stelle stehen, und die Deklaration sollte nachvollziehbar sein. Füttern Sie nach Packungsangabe und passen Sie die Menge an das Gewicht an. Wechseln Sie das Futter immer langsam über etwa zehn Tage, damit sich der Magen-Darm-Trakt umstellen kann.
