Keyword;URL;Position
getreidefreies hundefutter;https://www.tierbedarf.example/hundefutter/getreidefreies-hundefutter;4
getreidefreies hundefutter;https://www.tierbedarf.example/ratgeber/hundefutter-arten;9
nassfutter katze;https://www.tierbedarf.example/katzenfutter/nassfutter-katze;3
kratzbaum;https://www.tierbedarf.example/katzenzubehoer/kratzbaum;35
hundeleine;https://www.tierbedarf.example/hundezubehoer/hundeleine;7
aquarium einrichten;https://www.tierbedarf.example/aquaristik/aquarium-einrichten;2
vogelfutter;https://www.tierbedarf.example/vogelbedarf/vogelfutter;12
welpenerziehung;https://www.tierbedarf.example/ratgeber/welpenerziehung;5
katzenklo;https://www.tierbedarf.example/katzenzubehoer/katzenklo;8
