Keyword;URL;Position;Type
getreidefreies hundefutter;https://www.wettbewerber-a.example/hundefutter/getreidefrei;1;Organic
getreidefreies hundefutter;https://www.wettbewerber-b.example/hundefutter/getreidefrei;2;Organic
getreidefreies hundefutter;https://www.wettbewerber-c.example/hundefutter/getreidefrei;3;Organic
getreidefreies hundefutter;https://www.wettbewerber-d.example/hundefutter/getreidefrei;4;Organic
getreidefreies hundefutter;https://www.wettbewerber-e.example/hundefutter/getreidefrei;5;Organic
getreidefreies hundefutter;https://www.wettbewerber-f.example/hundefutter/getreidefrei;6;Organic
getreidefreies hundefutter;https://www.wettbewerber-g.example/hundefutter/getreidefrei;7;Organic
getreidefreies hundefutter;https://www.zoo-markt-j.example/hund/getreidefreies-futter;8;Organic
getreidefreies hundefutter;https://www.tierforum-k.example/forum/getreidefrei-erfahrungen;9;Organic
getreidefreies hundefutter;https://www.futterwelt-i.example/shop/hund/getreidefrei;10;Organic
hundefutter ohne getreide;https://www.wettbewerber-b.example/hundefutter/getreidefrei;1;Organic
hundefutter ohne getreide;https://www.wettbewerber-c.example/hundefutter/getreidefrei;2;Organic
hundefutter ohne getreide;https://www.wettbewerber-d.example/hundefutter/getreidefrei;3;Organic
hundefutter ohne getreide;https://www.wettbewerber-e.example/hundefutter/getreidefrei;4;Organic
hundefutter ohne getreide;https://www.wettbewerber-f.example/hundefutter/getreidefrei;5;Organic
hundefutter ohne getreide;https://www.wettbewerber-g.example/hundefutter/getreidefrei;6;Organic
hundefutter ohne getreide;https://www.wettbewerber-a.example/hundefutter/getreidefrei;7;Organic
hundefutter ohne getreide;https://www.haustier-magazin.example/ratgeber/hund-ohne-getreide;8;Organic
hundefutter ohne getreide;https://www.tierforum-k.example/forum/ohne-getreide;9;Organic
hundefutter ohne getreide;https://www.zoo-markt-j.example/shop/hund/ohne-getreide;10;Organic
getreidefreies trockenfutter hund;https://www.wettbewerber-c.example/hundefutter/getreidefrei;1;Organic
getreidefreies trockenfutter hund;https://www.wettbewerber-d.example/hundefutter/getreidefrei;2;Organic
getreidefreies trockenfutter hund;https://www.wettbewerber-e.example/hundefutter/getreidefrei;3;Organic
getreidefreies trockenfutter hund;https://www.wettbewerber-f.example/hundefutter/getreidefrei;4;Organic
getreidefreies trockenfutter hund;https://www.wettbewerber-g.example/hundefutter/getreidefrei;5;Organic
getreidefreies trockenfutter hund;https://www.wettbewerber-a.example/hundefutter/getreidefrei;6;Organic
getreidefreies trockenfutter hund;https://www.wettbewerber-b.example/hundefutter/getreidefrei;7;Organic
getreidefreies trockenfutter hund;https://www.futterwelt-i.example/trockenfutter/getreidefrei;8;Organic
getreidefreies trockenfutter hund;https://www.haustier-magazin.example/magazin/trockenfutter-ohne-getreide;9;Organic
getreidefreies trockenfutter hund;https://www.tierratgeber-h.example/ratgeber/trockenfutter-hund;10;Organic
nassfutter katze;https://www.wettbewerber-b.example/nassfutter-katze;1;Organic
nassfutter katze;https://www.wettbewerber-c.example/nassfutter-katze;2;Organic
nassfutter katze;https://www.wettbewerber-d.example/nassfutter-katze;3;Organic
nassfutter katze;https://www.wettbewerber-e.example/nassfutter-katze;4;Organic
nassfutter katze;https://www.wettbewerber-f.example/nassfutter-katze;5;Organic
nassfutter katze;https://www.wettbewerber-g.example/nassfutter-katze;6;Organic
nassfutter katze;https://www.tierratgeber-h.example/nassfutter-katze;7;Organic
nassfutter katze;https://www.haustier-magazin.example/nassfutter-katze;8;Organic
nassfutter katze;https://www.futterwelt-i.example/nassfutter-katze;9;Organic
nassfutter katze;https://www.zoo-markt-j.example/nassfutter-katze;10;Organic
kratzbaum;https://www.wettbewerber-c.example/kratzbaum;1;Organic
kratzbaum;https://www.wettbewerber-d.example/kratzbaum;2;Organic
kratzbaum;https://www.wettbewerber-e.example/kratzbaum;3;Organic
kratzbaum;https://www.wettbewerber-f.example/kratzbaum;4;Organic
kratzbaum;https://www.wettbewerber-g.example/kratzbaum;5;Organic
kratzbaum;https://www.tierratgeber-h.example/kratzbaum;6;Organic
kratzbaum;https://www.haustier-magazin.example/kratzbaum;7;Organic
kratzbaum;https://www.futterwelt-i.example/kratzbaum;8;Organic
kratzbaum;https://www.zoo-markt-j.example/kratzbaum;9;Organic
kratzbaum;https://www.tierforum-k.example/kratzbaum;10;Organic
hundeleine;https://www.wettbewerber-d.example/hundeleine;1;Organic
hundeleine;https://www.wettbewerber-e.example/hundeleine;2;Organic
hundeleine;https://www.wettbewerber-f.example/hundeleine;3;Organic
hundeleine;https://www.wettbewerber-g.example/hundeleine;4;Organic
hundeleine;https://www.tierratgeber-h.example/hundeleine;5;Organic
hundeleine;https://www.haustier-magazin.example/hundeleine;6;Organic
hundeleine;https://www.futterwelt-i.example/hundeleine;7;Organic
hundeleine;https://www.zoo-markt-j.example/hundeleine;8;Organic
hundeleine;https://www.tierforum-k.example/hundeleine;9;Organic
hundeleine;https://www.wettbewerber-a.example/hundeleine;10;Organic
aquarium einrichten;https://www.wettbewerber-e.example/aquarium-einrichten;1;Organic
aquarium einrichten;https://www.wettbewerber-f.example/aquarium-einrichten;2;Organic
aquarium einrichten;https://www.wettbewerber-g.example/aquarium-einrichten;3;Organic
aquarium einrichten;https://www.tierratgeber-h.example/aquarium-einrichten;4;Organic
aquarium einrichten;https://www.haustier-magazin.example/aquarium-einrichten;5;Organic
aquarium einrichten;https://www.futterwelt-i.example/aquarium-einrichten;6;Organic
aquarium einrichten;https://www.zoo-markt-j.example/aquarium-einrichten;7;Organic
aquarium einrichten;https://www.tierforum-k.example/aquarium-einrichten;8;Organic
aquarium einrichten;https://www.wettbewerber-a.example/aquarium-einrichten;9;Organic
aquarium einrichten;https://www.wettbewerber-b.example/aquarium-einrichten;10;Organic
vogelfutter;https://www.wettbewerber-f.example/vogelfutter;1;Organic
vogelfutter;https://www.wettbewerber-g.example/vogelfutter;2;Organic
vogelfutter;https://www.tierratgeber-h.example/vogelfutter;3;Organic
vogelfutter;https://www.haustier-magazin.example/vogelfutter;4;Organic
vogelfutter;https://www.futterwelt-i.example/vogelfutter;5;Organic
vogelfutter;https://www.zoo-markt-j.example/vogelfutter;6;Organic
vogelfutter;https://www.tierforum-k.example/vogelfutter;7;Organic
vogelfutter;https://www.wettbewerber-a.example/vogelfutter;8;Organic
vogelfutter;https://www.wettbewerber-b.example/vogelfutter;9;Organic
vogelfutter;https://www.wettbewerber-c.example/vogelfutter;10;Organic
welpenerziehung;https://www.wettbewerber-g.example/welpenerziehung;1;Organic
welpenerziehung;https://www.tierratgeber-h.example/welpenerziehung;2;Organic
welpenerziehung;https://www.haustier-magazin.example/welpenerziehung;3;Organic
welpenerziehung;https://www.futterwelt-i.example/welpenerziehung;4;Organic
welpenerziehung;https://www.zoo-markt-j.example/welpenerziehung;5;Organic
welpenerziehung;https://www.tierforum-k.example/welpenerziehung;6;Organic
welpenerziehung;https://www.wettbewerber-a.example/welpenerziehung;7;Organic
welpenerziehung;https://www.wettbewerber-b.example/welpenerziehung;8;Organic
welpenerziehung;https://www.wettbewerber-c.example/welpenerziehung;9;Organic
welpenerziehung;https://www.wettbewerber-d.example/welpenerziehung;10;Organic
katzenklo;https://www.tierratgeber-h.example/katzenklo;1;Organic
katzenklo;https://www.haustier-magazin.example/katzenklo;2;Organic
katzenklo;https://www.futterwelt-i.example/katzenklo;3;Organic
katzenklo;https://www.zoo-markt-j.example/katzenklo;4;Organic
katzenklo;https://www.tierforum-k.example/katzenklo;5;Organic
katzenklo;https://www.wettbewerber-a.example/katzenklo;6;Organic
katzenklo;https://www.wettbewerber-b.example/katzenklo;7;Organic
katzenklo;https://www.wettbewerber-c.example/katzenklo;8;Organic
katzenklo;https://www.wettbewerber-d.example/katzenklo;9;Organic
katzenklo;https://www.wettbewerber-e.example/katzenklo;10;Organic
hamsterkäfig größe;https://www.haustier-magazin.example/hamsterkaefig-groesse;1;Organic
hamsterkäfig größe;https://www.futterwelt-i.example/hamsterkaefig-groesse;2;Organic
hamsterkäfig größe;https://www.zoo-markt-j.example/hamsterkaefig-groesse;3;Organic
hamsterkäfig größe;https://www.tierforum-k.example/hamsterkaefig-groesse;4;Organic
hamsterkäfig größe;https://www.wettbewerber-a.example/hamsterkaefig-groesse;5;Organic
hamsterkäfig größe;https://www.wettbewerber-b.example/hamsterkaefig-groesse;6;Organic
hamsterkäfig größe;https://www.wettbewerber-c.example/hamsterkaefig-groesse;7;Organic
hamsterkäfig größe;https://www.wettbewerber-d.example/hamsterkaefig-groesse;8;Organic
hamsterkäfig größe;https://www.wettbewerber-e.example/hamsterkaefig-groesse;9;Organic
hamsterkäfig größe;https://www.wettbewerber-f.example/hamsterkaefig-groesse;10;Organic
pferdedecke winter;https://www.futterwelt-i.example/pferdedecke-winter;1;Organic
pferdedecke winter;https://www.zoo-markt-j.example/pferdedecke-winter;2;Organic
pferdedecke winter;https://www.tierforum-k.example/pferdedecke-winter;3;Organic
pferdedecke winter;https://www.wettbewerber-a.example/pferdedecke-winter;4;Organic
pferdedecke winter;https://www.wettbewerber-b.example/pferdedecke-winter;5;Organic
pferdedecke winter;https://www.wettbewerber-c.example/pferdedecke-winter;6;Organic
pferdedecke winter;https://www.wettbewerber-d.example/pferdedecke-winter;7;Organic
pferdedecke winter;https://www.wettbewerber-e.example/pferdedecke-winter;8;Organic
pferdedecke winter;https://www.wettbewerber-f.example/pferdedecke-winter;9;Organic
pferdedecke winter;https://www.wettbewerber-g.example/pferdedecke-winter;10;Organic
